Rethinking Law Society and Governance,1849461600,Peter Leyland,Wiley,20120131,12.95,17,1
Our Republican Constitution,1841135224,Adam Tomkins,The McGrawHill companies,20050214,13.5,18,1
Victims' Rights Human Rights and Criminal Justice,1841139556,Stephen Jones,The Woodbridge Company Ltd.,20081024,13.5,18,1
Privacy and Employment Law,1841137383,Mark Tushnet,Cornelsen,20081218,14.5,19,1
Bewigged and Bewildered?,1849461643,Adam Kramer,Lefebvre-Sarrut,20110401,15,19.5,1
I Have to Move my Car,1841138169,David Pannick QC,Klett Gruppe,20081029,14.95,19.5,1
Modern Studies in Property Law - Volume 1,184113869X,Oyelowo Oyewo,OLMA Media Group,20140301,15,19.5,1
The Constitution of Ireland,1841138363,Colm O'Cinneide,Weka,20140301,14.95,19.5,1
The Financial Crisis in Constitutional Perspective,1841138355,Suzie Navot,Oxford University,20131201,14.95,19.5,1
The Foundations of Restitution for Wrongs,1841133558,Steve Weiner,Kadokawa Holdings Inc.,20111024,15,19.5,1
The WTO the Internet and Trade in Digital Products,1841133639,Jeremy Webber,Mondadori,20131001,15,20,1
Law as a Social Institution,184946264X,Eric Heinze and Gavin Phillipson,Oxford University Press,2013920,15.95,21,1
Child Support,1841139831,George P Fletcher,Shinchosha,20090821,16.75,22,1
Kinship Matters,1841138681,Werner Heun,Hachette Livre,20101130,16.75,22,1
The Dearest Birth Right of the People of England,1901362523,Martin Loughlin,Editora FTD,20000724,17,22,1
The European Union,1841137405,Qianfan Zhang,EQT and GIC Investors,20120801,16.95,22,1
Basic Legal Instruments for the Liberalisation of Trade,1849462542,Rob George,Mondadori,20120808,17.95,23,1
Judging the Judges Judging Ourselves,1841134031,David Dyzenhaus,Editora FTD,20031020,18,23,1
Rights Duties and the Body,1841137375,Heinz Klug,Harper Collins,20100715,17.95,23,1
The Constitution of Australia,1841137340,Cheryl Saunders,Haufe Gruppe,20101130,17.95,23,1
The Constitution of Malaysia,1841139718,Andrew Harding,OLMA Media Group,20120727,18,24,1
Child Support in Action,1841137294,Eve Darian-Smith,EKSMO,20100520,18.95,24.5,1
Terrorism and the State,1849463964,Kevin YL Tan,La Martinière Groupe,20131010,18.95,24.6,1
Innovations in Evidence and Proof,1849462887,José María Serna de la Garza,Torstar Corp.,20130501,18.95,24.75,1
An Introduction to Law and Social Theory,1841130419,Ronald Dworkin,Gakken,20981001,18.99,25,1
From Promise to Contract,1841134945,Dori Kimel,Editions Atlas,20050405,19,25,1
Restitution: Past Present and Future,184113399X,Tony Honoré,Grupo Planeta,20021025,19,25,1
Sovereignty in Transition,1849460493,Richard Gordon QC,Mondadori,20100217,18.95,25,1
Studies in the History of Tax Law Volume 2,1849460167,Victor Ferreres Comella,Abril Educação,20130501,18.95,25,1
Administrative Justice in the 21st Century,1841138525,Manfred Stelzer,Shogakukan,20110428,19.95,26,1
European Competition Law Annual 2004,1841139416,Jonathan Miller,Readers Digest,20140301,20,26,1
Legal Challenges in the Global Financial Crisis,1849461589,Vernon Bogdanor,Cornelsen,20110325,20,26,1
Making the Law Explicit,1849463557,Gary Watt,Flammarion,20120525,20,26,1
Responsibility in Law and Morality,1849464014,Hilary Heilbron,Wolters Kluwer,20121022,20,26,1
Rules and Reasoning,1841136719,Vernon Bogdanor,Kadokawa Publishing,20090603,19.95,26,1
The Quistclose Trust,1849463107,Robert Hazell and Ben Yong,Informa,20120615,19.95,26,1
Whose Freedom Security and Justice?,1841138096,Zaid Al-Ali and Jörg Fedtke,Grupo Planeta,2013901,20,26,1
Lawyers and Vampires,1841138541,Jaakko Husa,Woongjin ThinkBig,20101130,20.95,27,1
Paths to Justice,1841137391,Mark Sidel,Kodansha,20090826,21.95,28.5,1
What is a Parent,1841137928,Shigenori Matsui,Lagardère,20101130,21.95,29,1
Getting a PhD in Law,184113306X,Caroline Morris and Cian Murphy,Bertelsmann AG,2011901,19.95,29.25,1
The Law of Medical Negligence in England and Germany,1849464960,Kristen Rundle,RCS Media Group,20130601,22.5,29.25,1
A New Landlord and Tenant,1841133604,Sean Coyle and Karen Morrow,Holtzbrinck,20040422,23,30,1
From '9-11' to the 'Iraq War 2003',1841134961,Dominic McGoldrick,EKSMO,20040325,23,30,1
Domestic Violence and International Law,1849463573,Bonita Meyersfeld,Gruppo De Agostini,20120314,23.5,31,1
Incivilities,1849460884,Elizabeth Fisher,Frojal,20100622,24,31,1
Restitution in Private International Law,1841132047,Neil Duxbury,Hachette Livre,20010417,24,31,1
Final Judgment,1849463832,Alan Paterson,Bungeishunju,20131020,25,32,1
Equality,1849461074,Bob Hepple,Wiley,20110128,25,32.5,1
Human Rights and Healthcare,1841131873,Sir Bob Hepple QC,The Bonnier Group,20050325,25,32.5,1
Sword and Scales,1841135658,Michael Kerr,Sanoma,20060131,25,32.5,1
The Appeal of Internal Review,1841134317,Ian Ward,Groupe Gallimard,20040730,25,32.5,1
The Constitution of Private Governance,1849461805,Piet-Jan Slot and Angus Johnston,Shinchosha,20130801,25,32.5,1
Understanding the Law of Obligations,1841131830,Andrew Burrows,Shinchosha,20001115,25,32.5,1
After Enron,1841137944,George P Fletcher,Harper Collins,20081003,25.5,33,1
Choosing Life Choosing Death,1841139297,Charles Foster,Editora FTD,20090227,25.5,33,1
The End of Human Rights,1841130001,Costas Douzinas,The McGrawHill companies,20000601,25.5,33,1
After National Democracy,1841133019,Emily Jackson,Informa,20011010,26,34,1
International Corporate Law - Volume 1,1849462143,Matthew Conaglen,La Martinière Groupe,20110825,26,34,1
Mistakes in Contract Law,1849462127,Catharine MacMillan,Bungeishunju,20120120,26,34,1
Restorative Justice and Criminal Justice,1841136859,Jack Anderson,McGraw-Hill Education,20101026,26.5,34,1
The Unity of Public Law,1841139378,Robert Kolb,Klett,20100226,26.5,34,1
Contract Law,1841135747,Adam Kramer,Gakken Co. Ltd.,20100102,27.5,36,1
Political Libels,1841133248,Merris Amos,PRISA,20060331,27.5,36,1
Rethinking the Masters of Comparative Law,1849460914,Peter Cane,Shueisha,20100629,27.5,36,1
Women Law and Human Rights,1841135771,John Cartwright,Wiley,2007925,28,36,1
European Competition Law Annual 1999,1849462399,Penny Darbyshire,Simon & Schuster,2011930,28.5,37,1
Insurance in Private International Law,1841138851,Howard Bennett,Sanoma WSOY,2013921,25,37.5,1
A Casebook on Contract,1849461635,Andrew Burrows,Reed Elsevier,20110527,28.95,38,1
Intellectual Property and Private International Law,1841134457,Piet-Jan Slot and Angus Johnston,Cambridge University Press,20060630,29,38,1
New Visions of Crime Victims,1841139777,Rohan Hardcastle,Wolters Kluwer,20090428,29,38,1
Principled Sentencing,1841130621,William Wilson,CBS,20021112,29,38,1
Rediscovering the Law of Negligence,1841139750,Allan Beever,Priavtely owned,20090414,29,38,1
Risk Regulation and Administrative Constitutionalism,184113418X,Elizabeth Wicks,Informa,20060602,29,38,1
The German Law of Torts,1841130397,Hazel Genn,Woongjin Holding,20991101,29,38,1
The Law of the Single European Market,1841139769,Ellie Palmer,Kyowon,20090421,29,38,1
The Verdict of the Court,1841137723,Ian McLeod,Cornelsen,20091012,29,38,1
Emerging Issues in Tort Law,1849461066,Jonathan Herring,Wolters Kluwer,20130402,30,39,1
Judicial Review in Northern Ireland,1841133744,Julia Fionda,Pearson,20051219,30,39,1
Law and New Governance in the EU and the US,1841133434,Jill Peay,Shogakukan,20030603,30,39,1
Law and Politics at the Perimeter,1849461791,Emily Jackson,Harper Collins,20120301,30,39,1
Rethinking Law Society and Governance,1849462097,Erika Szyszczak,De Agostini Editore,20140801,30,39,1
The Legal Concept of Art,1841137545,Valentine Korah,Weka Firmengruppe,20070822,30,39,1
The Trial on Trial: Volume 3,1841135291,Walter van Gerven,Simon & Schuster,20050320,30,39,1
Transnational Corporations and Human Rights,1849462607,Leone Niglia,RCS Libri,20131201,30,39,1
Human Dignity in Bioethics and Law,1849461775,Charles Foster,PRISA,2011901,31,40,1
Medical Ethics and Medical Law,1849462410,Geert Van Calster,Groupe Gallimard,20130215,30,40,1
Reasoning with Law,1841132446,Andrew Halpin,Madrigall,20011212,31,40,1
Shipping Conferences under EC Antitrust Law,1841134546,John Dickie,Woongjin ThinkBig,20050724,31,40,1
The House of Lords 1911-2011,1849462895,Chris Ballinger,The Mondadori Group,20121001,31,40,1
Five Masters of International Law,1849461201,Antonio Cassese,Haufe Gruppe,20110315,31,40.3,1
An International Relations Debacle,184113578X,Claire Palley,Kadokawa Publishing,20050511,32,42,1
Child Support in Action,1841139696,Tom Hickman,Editions Atlas,20100520,32,42,1
Discrimination Law,1841134848,Aileen McColgan,Kyowon,2005089,32,42,1
Good Faith in Contract and Property Law,1841135909,Mary Jane Mossman,Gruppo De Agostini,20060531,32,42,1
Human Dignity and the Foundations of International Law,1841136271,Tal Becker,Kadokawa Holdings Inc.,20060323,32,42,1
Regulating Reproduction,184113483X,Peter Cartwright,Hart Publishing,20041001,32,42,1
The Structure of Property Law,1841135593,Ben McFarlane,Kadokawa Publishing,2008079,32,42,1
Cambridge Yearbook of European Legal Studies Vol 4 2001,1901362639,Sally Wheeler,La Martinière Groupe,20020223,33,43,1
Legislating for Human Rights,1841139890,Morag McDermont,Perseus,2010049,33,43,1
Risks and Legal Theory,1841137995,Robert Kolb and Richard Hyde,Oxford University Press,2008917,33,43,1
As Far as I Remember,1841132160,Harvey Teff,Woongjin ThinkBig,20081218,34,44,1
Copyright Law and the Information Society in Asia,1841136034,Jonathan Doak,Cornelsen,20080429,34,44,1
Corporations and Transnational Human Rights Litigation,184113726X,James Chalmers,Messagerie Italiane,20081031,34,44,1
Criminal Policy in Transition,1901362345,Nicola Lacey,Torstar Corp.,20980301,34,44,1
Disability and Equality Law in Britain,1841138282,Anna Lawson,RCS Media Group,20081110,34,44,1
Global Governance and the Quest for Justice - Volume II,1901362183,Jenny McEwan,Grupo Planeta,2098901,34,44,1
Good Faith in the Jurisprudence of the WTO,1841139815,JR Spencer,Hitotsubashi Group,20090528,34,44,1
Importing the First Amendment,1841138312,Translated by Michael Bohlander,Messagerie Italiane,20080703,34,44,1
Law after Modernity,1841135801,Elizabeth Wicks,De Agostini Editore,20070727,34,44,1
Modern Studies in Property Law - Volume 3,1841134171,Richard Collier and Sally Sheldon,Shinchosha,2008905,34,44,1
Public Law in a Multi-Layered Constitution,1849460450,Ilias Bantekas,Sanoma WSOY,2010922,33.99,44,1
Reorganization and Resistance,1849460353,Richard B Macrory,Pearson,20091001,34,44,1
Rights and Law Analysis and Theory,1901362159,Andrew Halpin,Houghton Mifflin Harcourt,2097079,34,44,1
Tort Law and Human Rights,1901362094,Peter Cane,Perseus,20970701,34,44,1
As Far as I Remember,1849461627,Simon Stokes,Klett,20120221,35,45,1
Contract Damages,1849461228,Liz Campbell,The Bonnier Group,20130201,35,45,1
Legal Issues of the Amsterdam Treaty,1841139394,Martti Koskenniemi,Media Participations,20110610,35,45,1
Takeovers in English and German Law,1849461279,Ruth Herz,Cambridge University Press,2012926,35,45,1
An Introduction to European Contract Law,1841135097,Takis Tridimas,Bonnier,20140301,35,45.5,1
Genocide and Crimes Against Humanity,1849463344,Caroline Fournet,Wolters Kluwer,20130131,35,45.5,1
The Policy of Law,184946006X,Kathryn Hollingsworth,Scholastic (corp.),20140301,35,45.5,1
The Principles of Personal Property Law,1841133167,Duncan Sheehan,De Agostini Editore,20111130,35,45.5,1
A New Miscellany-at-Law,1841136832,Jeff Kenner,Scholastic (corp.),20131031,35,46,1
EU Competition Law,1849463409,Ariel Ezrachi,Informa,2012918,35,46,1
Responsibility in Law and Morality,1841132314,Hamish Ross,Random House,20010605,18,23,2
The Iraq War and International Law,1849460965,Kris Gledhill and Paul Rishworth,Media Participations,20140101,35,46,1
A Virtue Less Cloistered,1849460930,Rory Brown,Shueisha,20110129,36,46.8,1
A Textbook of European Union Law,190136237X,Andrew Evans,Wiley,20980601,37,47,1
Causing Psychiatric and Emotional Harm,1849462453,Surya P Subedi,Haufe Gruppe,20120801,36,47,1
Comparative Law in the Courtroom and Classroom,1841134295,Jacqueline Hodgson,Wiley,20051108,36,47,1
Equality: A New Framework,1901362876,Michael Kerr,Shueisha,20020606,36,47,1
Implementing Amsterdam,184113354X,Oren Ben-Dor,RDA Holding Co.,20071004,36,47,1
Relating to Responsibility,1841136336,Peter Jaffey,Hart Publishing,20070712,36,47,1
Swedish Studies in European Law - Volume 1,1841137162,Keith Ewing,Harlequin,2007039,36,47,1
The Geography of Law,1841132659,Simon Halliday,Gakken Co. Ltd.,20040508,37,47,1
The Philosophical Foundations of Environmental Law,1849461570,Emma Cunliffe,Grupo Planeta,20110527,36,47,1
The Philosophical Foundations of Environmental Law,1841132268,Robert Stevens,McGraw-Hill Education,20021018,36,47,1
The Shaming of Sexual Offenders,1841135925,Anne-Marie McAlinden,China Publishing Group Corporate,20070405,36,47,1
Toxics and Transnational Law,1849463042,HH Judge Roderick Denyer QC,Westermann Verlagsgruppe,20120116,36,47,1
EU Employment Law,1849463921,Steve Peers,Oxford University Press,20131030,37.5,48.75,1
A New Land Law,1849460507,Iain G MacNeil,McGraw-Hill Education,20120120,38,49,1
Conversations Choices and Chances,1841132489,Anthony Bradney,Klett Gruppe,20030407,38,50,1
Definition in the Criminal Law,1841130710,Andrew Halpin,La Martinière Groupe,20041013,38,50,1
Ethical and Social Perspectives on Situational Crime Prevention,1849460590,Jan Dalhuisen,Houghton Mifflin Harcourt,20100617,38,50,1
Human Rights in the Community,1901362205,Rabinder Singh,China Education and Media Group,20970801,38,50,1
Interpretation and Legal Theory,1841134244,Andrei Marmor,Gruppo De Agostini,20050425,38,50,1
Restorative Justice for Juveniles,1849462623,Iain Ramsay,Scholastic (corp.),20121025,38.5,50,1
The Constitutional Protection of Capitalism,1841138592,Danny Nicol,Editions Atlas,20100129,38,50,1
The Israeli-Palestinian Conflict and its Resolution,1841131288,Fareda Banda,Frojal,20051004,38,50,1
The Privilege Against Self-Incrimination,1841133175,Andrew L-T Choo,Houghton Mifflin Harcourt,20131201,45,50,1
Vulnerable Transactions in Corporate Insolvency,184113113X,Sara Dillon,Wolters Kluwer,200299,38,50,1
Efficiency and Justice in European Antitrust Enforcement,1841137227,Susan Bright,ThomsonReuters,20071214,39,51,1
Evaluation and Legal Theory,1841138118,Paul Stanley,Perseus,20080425,39,51,1
Property in the Margins,1841139637,AJ van der Walt,Media Participations,20090529,39,51,1
Sovereignty in Transition,1841139327,Simon Stokes,Media Participations,20090514,39,51,1
Body Lore and Laws,184113886X,Emmanuel Voyiakis,Sanoma,20140501,40,52,1
Cases and Materials on EC Competition Law,1849463271,John Tiley and Glen Loutzenhiser,Kyowon,20121011,40,52,1
Choosing Between Possible Lives,1849464235,John Tiley and Glen Loutzenhiser,Groupe Albin Michel,20130107,40,52,1
Equality and Discrimination,1841134414,Aileen McColgan,De Agostini Editore,20131201,40,52,1
European Competition Law Annual 2000,184113080X,Paul Kearns,Woongjin ThinkBig,20131001,40,52,1
Judging the Judges Judging Ourselves,1901362949,David Dyzenhaus,Hart Publishing,2098901,42,55,1
Parliamentary Elections Representation and the Law,1849461473,Caroline Morris,Apax Partners et al.,20120504,42,55,1
Planning and Environmental Protection,1841133213,Peter Cane,Oxford University,20020417,42,55,1
The Language Question in Europe and Diverse Societies,184946104X,Kristen Rundle,Torstar Corp.,20120504,42,55,1
The Legal Framework of EU-China Investment Relations,1901362434,Sarah Worthington,Gruppo De Agostini,2000109,42,55,1
Biotechnologies and International Human Rights,1841132071,Edward C. Page,Abril Educação,20010316,43,56,1
The Office of Lord Chancellor,1841130214,Diana Woodhouse,Wolters Kluwer,20010430,43,56,1
After National Democracy,1841135755,Robin Hickey,Oxford University Press,20100120,44,57,1
Constitutional Limits and the Public Sphere,1841135321,Nick Wikeley,EQT and GIC Investors,20061010,44,57,1
Evidence & the Adversarial Process,1841136441,Valentine Korah,Cambridge University Press,2006927,44,57,1
From Promise to Contract,1841132128,Dori Kimel,Saraiva,20030314,44,57,1
Ireland's Evolving Constitution 1937-1997,1841130052,Tony Honoré,Saraiva,20990601,44,57,1
The Chinese Regulatory Licensing System,1841130613,Fiona Cownie,Bungeishunju,20040123,44,57,1
Transnational Administrative Rule-Making,1841136948,Eric Barendt,Flammarion,20101119,44,57,1
21st Century Solicitor ,1841138266,Emily Reid,Pearson,20140401,45,58,1
Enforcing International Law Norms Against Terrorism,1849464022,Simon Stokes,Grupo Planeta,20131001,45,58,1
Free Movement Social Security and Gender in the EU,1849463735,Joshua Meltzer,OLMA Media Group,20131008,45,58,1
Fundamental Texts on European Private Law,1841138487,Imogen Goold,Groupe Albin Michel,20131101,45,58.5,1
Law's Moral Indifference,1849460140,Andreas Takis,Simon & Schuster,2013901,45,58.5,1
Making Rights Real,1849461783,Emily Jackson and John Keown,La Martinière Groupe,20111202,15,19.5,3
Proportionality under the UK Human Rights Act,184113743X,Aaron Baker,Frojal,20140401,45,58.5,1
Women in the World's Legal Professions,1849462976,Eloise Scotford,Scholastic,20131101,45,58.5,1
Comparative Consumer Insolvency Regimes,1841131156,Ian Loveland,Scholastic,20000608,45,59,1
Conceptualising Home,1841131601,Sir Bob Hepple QC,Kodansha,20050325,45,59,1
Convergence and Divergence in European Public Law,1841130915,Hazel Biggs,Woongjin Holding,2001109,45,59,1
Enforcing Pollution Control Regulation,1841139254,Carolyn Abbot,McGraw-Hill Education,20090518,45,59,1
Regulating Pollution,184113094X,Chris Hilson,Groupe Albin Michel,20000526,45,59,1
The UK Competition Act,1841132527,Neville Harris,Woongjin ThinkBig,20070130,45,59,1
Governing Sexuality,1841132675,Carl Stychin,EQT and GIC Investors,20030630,46,60,1
Policing Global Risks,1841138134,Conor O'Reilly,Kadokawa Holdings Inc.,20140401,45,60,1
A History of the Laws of War: Volume 1,1849462046,Alexander Gillespie,Random House,2011906,47,61,1
A History of the Laws of War: Volume 2,1849462054,Alexander Gillespie,Hachette Livre,20111007,47,61,1
Contemporary Issues of the Semiotics of Law,184946054X,Gillian Black,Kadokawa Holdings Inc.,20110129,47,61,1
EU International Relations Law,1849460639,Ernst-Ulrich Petersmann,Bonnier,20120724,47,61,1
Gain-Based Damages,1841133701,Hannes Unberath,AST,20030410,47,61,1
Legal Concepts of Childhood,1841130230,Peter Sparkes,Readers Digest,20010213,47,61,1
Sexuality Repositioned,1841136018,Rohan Hardcastle,Simon & Schuster,2007918,47,61,1
Domestic Violence and International Law,1841139114,Bonita Meyersfeld,Saraiva,20100323,49,64,1
The New Law of Peaceful Protest,1841136212,David Mead,Pearson,20100406,49,64,1
Understanding Human Rights Principles,1841133035,Paul England,OLMA Media Group,2010129,49,64,1
A History of British Labour Law,184113015X,Douglas Brodie,ThomsonReuters,2003917,50,65,1
Charity Law and Politics,1841134163,Alison Dunn,OLMA Media Group,20140301,50,65,1
Civilian Oversight of Policing,184946278X,Nariné Ghazaryan,AST,20131101,50,65,1
Contract Law and Contract Practice,184946121X,Catherine Mitchell,CBS,20131201,50,65,1
Global Governance and the Quest for Justice - Volume I,1849463727,Jason NE Varuhas,Lagardère,20131030,50,65,1
Global Governance and the Quest for Justice - Volume III,1849461538,Jessie Hohmann,The McGrawHill companies,20130301,50,65,1
Jurists and Judges,1841138037,Patrycja Dabrowska,ThomsonReuters,20131001,50,65,1
Legal Responses to HIV and AIDS,1849463395,Kirsty Hughes,Sanoma,2013901,50,65,1
National Remedies Before the Court of Justice,1841139076,Jane Wright,Groupe Albin Michel,20140601,50,65,1
New Directions in European Public Law,1841139513,Thomas Kadner Graziano,AST,20140301,50,65,1
Regulating Enterprise,184946099X,Margaret Martin,Saraiva,20131001,50,65,1
Restorative Justice and Criminal Justice,1849464057,Sanja Bogojevic,Holtzbrinck,20130621,50,65,1
The Cartel Offence,1849463182,James Lee,Kyowon,20140410,50,65,1
Thinking about Law,1849462615,Gordon Anthony,Abril Educação,20140106,50,65,1
Vicarious Liability in Tort,1841138657,Claire McIvor,AST,20140701,50,65,1
Labour Law: Text and Materials,1841132292,Janine Griffiths-Baker,McGraw-Hill Education,20021127,51,66,1
Parliamentary Sovereignty and the Human Rights Act,1841138304,Alison L Young,Wiley,20081205,51,66,1
Principles of German Criminal Law,1841133779,Karen Yeung,Klett Gruppe,20040201,51,66,1
Protecting Reliance,1841136468,Marc Stauch,Torstar Corp.,20080829,51,66,1
Regulating Public Utilities,1901362868,Cosmo Graham,Editora FTD,20000201,51,66,1
Regulating Social Europe,1901362906,Antonio Lo Faro,Hart Publishing,20000401,51,66,1
Retroactivity and the Common Law,1841137618,Ben Juratowitch,Kodansha,20080215,51,66,1
The Damages Lottery,1841139084,Tariq A Baloch,Groupe Albin Michel,20090312,51,66,1
The Democratic Accountability of Central Banks,1841139157,Manisuli Ssenyonjo,Wolters Kluwer,20090703,51,66,1
The Democratic Aspects of Trade Union Recognition,1841137901,Alan Bogg,Bertelsmann AG,2009902,51,66,1
The EU and the WTO,1841130389,Ian Cram,Wiley,20021005,51,66,1
The German Law of Contract,1841138460,Gary Watt,China Education and Media Group,20090717,51,66,1
The House of Lords,1841131490,Vernon Bogdanor,RDA Holding Co.,20090603,51,66,1
On Law and Legal Reasoning,1841132152,Helen Reece,Lagardère,20030815,52,68,1
Regional and Global Regulation of International Trade,1841130524,Hector Olasolo,Gruppo De Agostini,2012019,52,68,1
Studies in the History of Tax Law Volume 1,184113936X,Robert Thomas,Lefebvre-Sarrut,20110118,52,68,1
The Treaty of Nice and Beyond,1849462836,Inga T Winkler,Gakken,20120614,52,68,1
Commercial Regulation and Judicial Review,1901362469,Trevor Hartley,Lagardère,20990201,53,69,1
Ethnic Minorities Their Families and the Law,1901362728,Murray Hunt,Shogakukan,20970301,53,69,1
Gender and Judging,1841138002,Jonathan Garton,The Woodbridge Company Ltd.,20090625,53,69,1
Importing the Law in Post-Communist Transitions,1841131318,Catherine Dupré,Media Participations,20030314,53,69,1
Judicial Remedies in the Conflict of Laws,1901362515,Martin Loughlin,Hart Publishing,20000724,53,69,1
On the Origin of the Right to Copy,1841132721,Jacob S. Ziegel,Grupo Planeta,2003922,53,69,1
Partnership Rights Free Movement and EU Law,1841130354,Jane Wright,Gruppo De Agostini,2001109,53,69,1
Property and the Law of Finders,1841132330,Siofra O'Leary,Messagerie Italiane,20021218,53,69,1
Central Issues in Criminal Theory,184946040X,Rutsel Silvestre J Martha,Weka,20100512,54,70,1
EU Employment Law,1841138711,Sandra Marco Colino,China Publishing Group Corporate,20100102,54,70,1
International Law,1841134147,Rebecca Williams,Madrigall,20100630,54,70,1
Mistakes in Contract Law,1841135070,Catharine MacMillan,Haufe Gruppe,20100115,54,70,1
The New Legal Framework for E-Commerce in Europe,1901362531,Jenny McEwan,Reed Elsevier,20031002,54,70,1
The Pinochet Case,1841135836,Matthew Conaglen,Holtzbrinck,20100108,54,70,1
The Trial on Trial: Volume 2,1841135038,George Pavlakos,Egmont Group,20070714,54,70,1
Torture as Tort,1841139211,Paul Raffield,Cambridge University Press,20101028,54.5,71,1
Modern Sports Law,1849463794,Viorelia Gasca,Weka,20131210,55,71.5,1
Differentiation in European Union Law,1849460086,Marc T Moore,Madrigall,20130301,55,72,1
The Voluntary Sector the State and the Law,1849462771,Matthew Lewans,Readers Digest,20131215,55,72,1
Essays on International Criminal Justice,1841135151,Shaheed Fatima,Kodansha,20051004,56,73,1
International Trade Regulation in China,1841131083,Scott Veitch,Weka Firmengruppe,20991201,56,73,1
Family Lawyers,1901362299,Giuliano Amato,Kyowon,20971001,57,74,1
Homicide Law in Comparative Perspective,1841138479,Zheng Sophia Tang,Oxford University,200999,57,74,1
Paths to Justice Scotland,1841136611,Peter Gerangelos,EQT and GIC Investors,20090410,57,74,1
Poverty and the Law,1841136174,Gordon Anthony,The Bonnier Group,20080117,57,74,1
Rediscovering the Law of Negligence,1841136867,Allan Beever,Weka Firmengruppe,20070530,57,74,1
Responsibility and Fault,1841133590,Sean Coyle and Karen Morrow,ThomsonReuters,20040422,57,74,1
Sword and Scales,1849461511,Simon Douglas,Perseus,20111102,57,74,1
The Future of the Judicial System of the European Union,1841133043,Paul Mitchell,The Bonnier Group,20050731,57,74,1
Third Party Liability in Tort,1841135526,Claire McIvor,Harlequin,20060705,57,74,1
Criminal Policy in Transition,1841131482,Gordon Anthony,Sanoma WSOY,20020511,58,75,1
Vattel and the Emergence of Classic International Law,1841132144,Lesley Hitchens,Editora FTD,20061031,58,75,1
The Law and Economics of Article 82 EC,1841130311,John Dickie,Sanoma WSOY,20990801,59,77,1
Boundaries and Frontiers of Labour Law,1849462070,Stefan Talmon,Perseus,20140701,60,78,1
EU Committees,1841135259,Mark Furse,Harper Collins,2007029,60,78,1
European Court Procedure,1849461503,Shaheed Fatima,Mondadori,20131205,60,78,1
'Expert Privilege' in Civil Evidence,1841138673,Erin Nelson,Westermann Verlagsgruppe,20130601,60,78,1
Law Without Enforcement,1841133906,Mac Darrow,Grupo Santillana,20030320,60,78,1
Personal Property Law,1841131148,Federico Mancini,Informa plc,20000501,60,78,1
Private Law and Property Claims,1849464103,Karin de Vries,RDA Holding Co.,20130514,60,78,1
Reasoning with Law,1841130702,Andrew Halpin,Kyowon,20011212,60,78,1
Restorative Justice for Juveniles,1841132640,Peter Alldridge,Cengage,20030114,60,78,1
The Employment Relationship,1841136476,Francesco Giglio,Grupo Planeta,20070306,60,78,1
The English Judges,1841137189,Rosamund Scott,Apax Partners et al.,20071220,60,78,1
The Hague Trusts Convention,1841130087,Hanns Peter Nehl,Klett Gruppe,20990101,60,78,1
Constitutionalism and the Role of Parliaments,1841131016,Jonathan Auburn,Informa plc,20000620,61,79,1
European Plant Intellectual Property,1901362698,Jeff Kenner,Lefebvre-Sarrut,20021223,61,79,1
Asserting Jurisdiction,1849460191,Ian Hendry and Susan Dickson,Cornelsen,20110321,62,80.6,1
Cambridge Yearbook of European Legal Studies Vol 8 2005-2006,1849460280,John Snape,Flammarion,2011129,62,81,1
Casebook on EU Environmental Law,1841133752,Ronan Deazley,Groupe Gallimard,20040731,62,81,1
Environment Human Rights and International Trade,1841130095,Peter Cane,Holtzbrinck,20090803,62,81,1
Law and the Human Body,184113967X,Stefano Bertea,Informa,20091006,62,81,1
Patent Enforcement Worldwide,1849461090,Pinar Akman,Hitotsubashi Group,20120203,62,81,1
The Law of the Single European Market,1841133825,Hector Fix-Fierro,Priavtely owned,20040106,62,81,1
Self-Defence in Criminal Law,1841136077,Boaz Sangero,Bonnier,20060724,63,82,1
The Public Law/Private Law Divide,1841135178,Lara Khoury,Harper Collins,20060718,63,82,1
Lethe's Law,1901362507,Paul Kearns,Westermann Verlagsgruppe,2098901,64,83,1
Landlord and Tenant Law,184113533X,Stefan Talmon,Scholastic (corp.),20141201,65,84.5,1
Security and Human Rights,1849462674,Katja Samuel,Grupo Santillana,20131101,65,84.5,1
Boundaries of Personal Property,1841134597,Arianna Pretto-Sakmann,Cambridge University Press,20050815,65,85,1
Collective Labour Law,1901362256,Miguel Maduro,Wolters Kluwer,20980201,65,85,1
Education Law and Diversity,1841136069,Tal Becker,Reed Elsevier,20060323,65,85,1
European Competition Law Annual 2002,1841137588,Peter Sparkes,Klett,20071130,65,85,1
European Merger Remedies,1849464111,Dorte Hoeg,Media Participations,2013901,65,85,1
Foundations of Charity,1849463867,Nikos Skoutaris,Weka,20140301,65,85,1
Personal Autonomy the Private Sphere and Criminal Law,1841130486,Panu Minkkinen,News Corporation,2099901,65,85,1
The Modernisation of EC Antitrust Law,1849463875,Monica Claes,Saraiva,20140105,65,85,1
Theory and Method in Socio-Legal Research,1849463840,Lars Hoffmann,Media Participations,20140115,65,85,1
Environmental Law for Sustainability ,1901362647,George Pickering,Scholastic (corp.),20981001,66,86,1
The Court of Appeal,1841130729,Filip Tuytschaever,Saraiva,20990501,66,86,1
Tort Law,1841131113,Oren Ben-Dor,Sanoma,20001205,66,86,1
Better Regulation,1849460078,Lorna Fox O'Mahony,Media Participations,20120106,67,87,1
Divorcing Responsibly,1841138738,Ian Eagles and Louise Longdin,Priavtely owned,20111215,67,87,1
The Constitutional Foundations of Judicial Review,1841131660,Panos Koutrakos,EKSMO,20010307,67,87,1
The European Union and China 1949-2008,1841130176,Wouter PJ Wils,Hitotsubashi Group,20080214,67,87,1
Legal Professional Privilege,1841136301,Michael Bohlander,Abril Educação,20081218,34,44,2
Proprietary Remedies in Context,1841131652,Craig Rotherham,Abril group,20020423,68,88,1
Risks and Legal Theory,1901362744,Ellen Vos,China Publishing Group Corporate,20981001,68,88,1
The Geography of Law,1841130591,John D. R. Craig,CBS,20991101,68,88,1
The Law of Merger Control in the EC and the UK,1841130575,Geoffrey Lewis,Madrigall,2099901,69,90,1
Cohabitation Marriage and the Law,1849460175,Rhona Schuz,The Woodbridge Company Ltd.,20130805,70,91,1
Healing the Wounds,1841132993,Gaetan Verhoosel,Hitotsubashi Group,20020408,70,91,1
History of the Middle Temple,1841133353,Francesco Seatzu,Informa plc,20030717,70,91,1
New Visions of Crime Victims,1901362248,Jack Beatson and Takis Tridimas,Bertelsmann AG,20980101,70,91,1
Transnational Law and Local Struggles ,1841136395,David Szablowski,Kyowon,20070129,36,47,2
Article 81 EC and Public Policy,1841139688,Christopher Townley,Simon & Schuster,2009922,73,95,1
Implicit Dimensions of Contract,184113953X,Hiroko Yamane,The Mondadori Group,20110321,73,95,1
Consumer Bankruptcy in Global Perspective,190136285X,Richard Goldberg,Oxford University,20990301,74,96,1
The EU the WTO and China,1841135267,Wouter P. J. Wils,Hitotsubashi Group,20050222,74,96,1
Causation and Risk in the Law of Torts,1849463859,Maartje de Visser,Bungeishunju,2013914,75,97.5,1
Constitutional Rights after Globalization,1841131229,Rachel Murray,News Corporation,20000818,75,97.5,1
The Future of Remedies in Europe,1901362337,Nicola Lacey,PRISA,20980301,75,97.5,1
The Tapestry of Reason,1849460701,Amalia Amaya,Grupo Santillana,20140201,75,97.5,1
Justice for Crimes Against Humanity,1841132519,Richard Goldberg,Wolters Kluwer,20131001,75,98,1
Terrorism and the State,1841130877,Stanley Lai,Flammarion,20000201,76,99,1
Euthanasia Death with Dignity and the Law,1901362086,Peter Cane,Sanoma,20970701,77,100,1
Law and Aesthetics,1841130265,Adam Gearey,Shueisha,20010606,19,25,4
Law in its Own Right,1841136921,Matt Fisher,China Publishing Group Corporate,2007919,77,100,1
Legal Institutions and Collective Memories,1841130540,Emily Jackson,Mondadori,20011010,77,100,1
Constitutional Problems of the European Union,1841135283,Luis Ortiz Blanco,Hitotsubashi Group,20111202,78,101,1
EU Law for UK Lawyers,184113046X,Aidan O'Neill,Gakken,20110727,78,101,1
New Frontiers of Intellectual Property Law,1841139645,Janet Ulph and Ian Smith,The Woodbridge Company Ltd.,20121005,78,101,1
Poverty and the Law,184113001X,Paul Beaumont and Neil Walker,Gakken Co. Ltd.,20990701,78,101,1
We the Court,1849463069,Thorsten Käseberg,Bertelsmann AG,20120608,78,101,1
Unfair Contract Terms in European Law,1841136425,Stefan Talmon,EKSMO,20130208,80,104,1
A Sociology of Jurisprudence,1841133566,Tanya Aplin,Cengage,20050830,82,107,1
Biotechnology and International Law,1901362760,John Mee,Harlequin,20990401,82,107,1
Human Rights and Private Law,1841139262,Ekaterina Rousseva,Gakken Co. Ltd.,20100205,82,107,1
Unjust Enrichment and Public Law,1849460515,Jiabin Huang,Editions Atlas,20101020,82,107,1
Modern Studies in Property Law - Volume 4,1841135798,Lorna Fox,EKSMO,20061201,83,108,1
Rights and Law Analysis and Theory,1901362140,Andrew Halpin,Shogakukan,2097079,83,108,1
International Protection of Performers Rights,1841131342,Rosamund Scott,Kyowon,20020805,84,109,1
Copyright Law in the Digital Society,1841130907,Jenny Steele,RDA Holding Co.,20040401,17,22,5
Energy Security,1841134325,Linda Senden,Hachette Livre,2004930,85,110.5,1
The Law of Damages in International Sales,1841137421,Djakhongir Saidov,Madrigall,2008917,85,110.5,1
National Treatment and WTO Dispute Settlement,1841132306,Hamish Ross,Editora FTD,20010605,43,56,2
Market Power in EU Antitrust Law,1841134252,Federico Ortino,RCS Libri,20040130,87,113,1
Public Procurement and the EU Competition Rules,1849460663,Albert Sánchez Graells,Cambridge University Press,20110129,88,114,1
The Property Rights of Cohabitees,1901362353,Malcolm Evans,Shogakukan,20980801,88,114,1
Jurisprudence or Legal Science,1841134368,Rachael Mulheron,Reed Elsevier,20041115,89,115,1
Principles of European Antitrust Enforcement,184113144X,Pierre Larouche,Woongjin Holding,20000501,89,115,1
Serving Two Masters,1841134929,Samantha Besson,Gakken,20051125,89,115,1
Patterns of Regionalism and Federalism,1849462496,Johanna Engström,Hitotsubashi Group,20140501,90,117,1
The Principles of Social Order,1841135860,Greg Tolhurst,Shueisha,20060612,90,117,1
Ecological Sensitivity and Global Legal Pluralism,1841139149,Ioannis Lianos,Pearson,20140501,95,123.5,1
The Law of Contract Damages,1849464073,Adam Kramer,La Martinière Groupe,20131204,95,124,1
The Morality of Conflict,1849461465,Joanna Goyder,Groupe Albin Michel,2011029,98,127,1
The New Law of Land Registration,1841130494,Ian Loveland,Editora FTD,20990601,98,127,1
The English Constitution,1841137898,J.D.Ford,Scholastic,20071120,101,131,1
Theory and Method in Socio-Legal Research,1841134589,Lazaros E. Panourgias,Lefebvre-Sarrut,20060407,101,131,1
Transnational Organised Crime in International Law,1841133914,Wenhua Shan,Haufe Gruppe,20051021,101,131,1
Community and Collective Rights,1841132284,Dwight Newman,Grupo Planeta,20110713,52,68,2
The Evolution of a Constitution,1849461058,Francesco de Cecco,Informa plc,20121214,52,68,2
Imaginary Boundaries of Justice,1849460116,Philip Coppel QC,Cornelsen,20100715,105,137,1
Legal Recognition of Same-Sex Partnerships,1841136735,Peter Ellinger and Dora Neo,Harlequin,20100102,105,137,1
Medicinal Product Liability and Regulation,1841138576,Stephen Tromans QC,Kyowon,20100312,105,137,1
Globalisation and Resistance,1841137561,Yaël Ronen,Apax Partners et al.,20100531,54,70,2
The Defence of Passing On,1841130753,Stephen Griffin,AST,20990301,108,140,1
The Law and Practice of Documentary Letters of Credit,1841131105,Jonathan Harris,Cambridge University Press,20020504,108,140,1
Transnational Law and Local Struggles ,1841136387,David Szablowski,Bungeishunju,20070129,54,70,2
With Malice Aforethought,1849460604,Jan Dalhuisen,The McGrawHill companies,2010089,54,70,2
Unspeakable Subjects,1841130427,Fabian Amtenbrink,Saraiva,20990401,110,143,1
International Domain Name Law,1841135844,David Lindsay,RCS Media Group,20071214,114,148,1
Parallel Trade in Europe,1841134376,Christopher Stothers,Scholastic,20070402,114,148,1
Monitoring Fundamental Rights in the EU,1849464243,Philip Coppel QC,Editions Atlas,201399,115,149.5,1
Adapting Legal Cultures,1841130222,Peter Sparkes,Kodansha,20010213,115,150,1
Contracting with Companies,1841131547,Andrew Griffiths,China Education and Media Group,20050523,58,75,2
Courts Justice and Efficiency,1841135984,Richard Nobles and David Schiff,Frojal,20060210,20,26,6
European Competition Law Annual 1997,184113614X,Valentine Korah,Egmont Group,20060216,120,156,1
Law and Human Genetics,1841138924,Vaughan Black,Houghton Mifflin Harcourt,20100413,60,78,2
Law in its Own Right,1841139823,Serge Sur,Kadokawa Publishing,20101005,60,78,2
Joint Ventures in English and German Law,1849461597,Michael Fordham QC,Groupe Albin Michel,20121031,125,162,1
Collective Labour Law,1841139319,Silke Brammer,Bertelsmann AG,20090605,125,162.5,1
EC Private Antitrust Enforcement,1841137448,Assimakis Komninos,Editora FTD,20080222,125,162.5,1
The Power to Protect,1841134821,Catherine Button,Cengage,20041206,63,82,2
A History of the Laws of War: 3 VOLUME BOXED SET,1849462038,Alexander Gillespie,Wolters Kluwer,20111014,130,169,1
Company Investigations and Public Law,1841130745,Andrew Lidbetter,The McGrawHill companies,20990501,130,169,1
Human Rights in Private Law,1849462844,Iain Goldrein QC,CBS,20120413,130,169,1
Social Welfare and EU Law,1841131210,Rein Wesseling,Cornelsen,20001019,67,87,2
Comparative Law,1849462089,Stefan Talmon,Apax Partners et al.,20140701,135,175,1
A History of the Laws of War: Volume 3,1849462062,Alexander Gillespie,Grupo Planeta,20111007,47,61,3
Terrorism,1841139866,Ben Saul,Westermann Verlagsgruppe,20120207,47,61,3
The Permanent International Criminal Court,1849462631,Robert Kolb,Hachette Livre,20130714,145,188,1
The Advancement of International Law,1841132780,Charles Leben,RCS Libri,20101015,49,64,3
The EU and the WTO,1849464308,Emmanuelle Jouannet,Gruppo De Agostini,20130814,30,39,5
The Private Enforcement of Competition Law in Ireland,1849464138,David McFadden,Kodansha,20130408,50,65,3
Comparative Law in the Courtroom and Classroom,1841134570,Sarah Joseph,Gruppo De Agostini,20040820,39,51,4
Relocating the Rule of Law,1849460272,Stefania Bariatti,Hart Publishing,20110413,40,52,4
The Institutional Veil in Public International Law,1841136344,Catherine Brölmann,Messagerie Italiane,2007913,54,70,3
Principles of Administrative Procedure in EC Law,1841135275,Luis Ortiz Blanco,China Education and Media Group,20070626,162.5,211,1
European State Aid Law and Policy - Second Edition,1841137472,Conor Quigley QC,Abril Educação,20090513,167.5,218,1
International Corporate Law - Volume 2 2002,1841134775,Helen Toner,Madrigall,20041221,56,73,3
Exploring Social Rights,1841138126,JR Spencer,La Martinière Groupe,20080521,34,44,5
Always on the Same Path - Volume II,1841133485,Oren Perez,China Publishing Group Corporate,20040630,57,74,3
European Competition Law Annual 2003,1841132756,Fernando Atria,Cornelsen,20020807,57,74,3
Law and Aesthetics,1841132438,Adam Gearey,Kodansha,20010606,43,56,4
Healing the Wounds,1849460612,Jan Dalhuisen,News Corporation,2010921,60,78,3
Law's Future(s),184113659X,Mihail Danov,Egmont Group,2010129,60,78,3
Property and the Constitution,1841134104,Maria Lee,The Mondadori Group,20050425,31,40,6
Women in the World's Legal Professions,1841137308,Sarah Summers,Apax Partners et al.,20070810,47,61,4
An Introduction to Competition Law,1841130893,Jenny Steele,Grupo Santillana,20040401,38,50,5
Costs and Cautionary Tales,1841133698,Anthony I. Ogus,Media Participations,20060405,25,32.5,8
Fundamentals of Patent Law,1841133930,Xin Zhang ,Editora FTD,20060310,101,131,2
Legisprudence,1841135739,Sacha Wunsch-Vincent,Cambridge University Press,20060120,69,90,3
Moral Conflict and Legal Reasoning,1849461368,Martins Paparinskis,Saraiva,2012079,52,68,4
Comparative Remedies for Breach of Contract,1849460264,Poul F Kjaer,Hitotsubashi Group,20100205,54,70,4
Public Law in a Multi-Layered Constitution,1841134228,Erika de Wet,Perseus,20040123,74,96,3
Domestic Structures and International Trade,1841131326,Candido Garcia Molyneux,Weka Firmengruppe,2001029,75,97.5,3
Social Dynamics of Crime and Control,1841133957,Michael Dougan,Klett,20041221,57,74,4
The Europeanisation of UK Competition Law,1841131296,Marc Pallemaerts,News Corporation,20030630,114,148,2
The Law and Economics of Takeovers,1841136646,Athanasios Kouloridas,Perseus,20080519,57,74,4
The Tortious Liability of Statutory Bodies,1841133418,Mark Van Hoecke,Bonnier,20021023,57,74,4
Setting the Watch,1849460841,Beatrice von Silva-Tarouca Larsen,Egmont Group,20110128,47,61,5
Informal Carers and Private Law,184946281X,Brian Sloan,Abril group,20121207,62,81,4
EC Competition Law,1841138517,Jonathan Hill and Adeline Chong,Groupe Albin Michel,2010928,52,68,5
Contemporary Issues of the Semiotics of Law,1849463468,Jan-R Sieckmann,PRISA,20121113,54,70,5
Corporate Personality in the 20th Century,1841136905,Tom Obokata,The Mondadori Group,20100817,54,70,5
Punishment and Political Theory,1841133523,Vanessa Munro,La Martinière Groupe,20071023,27.5,36,10
UK Public Law and European Law,1841134872,Harm Schepel,Weka,20050223,70,91,4
Disability Rights in Europe,1849460337,R A Duff,Madrigall,2009914,25,32.5,12
Globalisation and Labour Rights,1841135992,Christine Kaufmann,Scholastic,20070117,60,78,5
Failure of Contracts,1849461562,Thalia Kruger,Flammarion,20110803,52,68,6
The Reform of Class and Representative Actions in European Legal Systems,1841139025,Christopher Hodges,Oxford University Press,20081007,39,51,8
The Judicial Role in Criminal Proceedings,1841138665,Ngaire Naffine,Abril group,20090106,29,38,11
The Occupation of Iraq: Volume 2,1849463778,Kun Fan,ThomsonReuters,20130211,65,85,5
Transferred Loss,1849461813,Sarah Vigers,La Martinière Groupe,20111007,47,61,7
Legal Norms and Normativity,1841137049,Francis Snyder,Lefebvre-Sarrut,2010902,82,107,4
European Union Law and Defence Integration,1841135062,Jessica Almqvist,Harlequin,2005912,57,74,6
The EFTA Court,1841135011,Javaid Rehman,Lagardère,20050531,50,65,7
Broadcasting Pluralism and Diversity,1841134554,Sylvie Delacroix,Westermann Verlagsgruppe,20061005,40,52,9
Governing by Numbers,1841133116,Panos Koutrakos,Kodansha,20060414,40,52,9
Adapting Legal Cultures,184113497X,Erika Szyszczak,Houghton Mifflin Harcourt,20070831,33,43,11
Environmental Protection and the Common Law,184946216X,Michael Bohlander,Cengage,20120201,47,61,8
Lawyers and Vampires,1849462232,Helen Scott,Klett,20130501,55,71.5,7
The European Court and National Courts,1841132039,Tom Allen,Kodansha,20051001,58,75,7
Justice for Crimes Against Humanity,1841135135,Siobhán Mullally ,Random House,20060526,51,66,8
